Data_Simulacao,Backlog_Atual,P50_Dias,P85_Dias,P95_Dias
2026-05-07 16:53:54,1111,147,159,165
2026-05-11 16:04:43,1668,221,235,244
2026-05-11 16:54:22,Geral,1668,220,235,244
2026-05-11 17:22:07,Geral,1668,184,197,205
2026-05-11 17:22:13,60eedb232ea73100112d2c74,581,162,175,184
2026-05-11 17:22:17,60eedb232ea73100112d2c75,274,128,145,155
2026-05-11 17:22:21,60eedb232ea73100112d2c76,588,108,116,122
2026-05-11 17:22:22,60eedb232ea73100112d2c77,19,11,16,18
2026-05-11 17:22:22,61802f4b675210c427d61db7,96,27,31,34
2026-05-11 17:22:23,62bc98d80964b4d43916896d,59,20,25,29
2026-05-11 17:22:23,62ea80e62c39c6565f206dea,3,3,3,3
2026-05-11 17:22:24,62d55cb3f38c4880916e392f,9,9,9,9
2026-05-11 17:22:24,62d82213f38c4880916f0231,35,16,21,24
2026-05-11 17:22:24,62deac138eb2931cccec63ca,3,2,3,3
2026-05-12 16:06:28,GERAL (Board Inteiro),1668,184,197,205
2026-05-12 16:06:35,60eedb232ea73100112d2c74,581,162,175,184
2026-05-12 16:06:41,60eedb232ea73100112d2c75,274,128,145,155
2026-05-12 16:06:47,60eedb232ea73100112d2c76,588,108,117,121
2026-05-12 16:06:47,60eedb232ea73100112d2c77,19,11,16,18
2026-05-12 16:06:49,61802f4b675210c427d61db7,96,27,31,33
2026-05-12 16:06:50,62bc98d80964b4d43916896d,59,20,25,29
2026-05-12 16:06:50,62ea80e62c39c6565f206dea,3,3,3,3
2026-05-12 16:06:50,62d55cb3f38c4880916e392f,9,9,9,9
2026-05-12 16:06:51,62d82213f38c4880916f0231,35,16,21,23
2026-05-12 16:06:51,62deac138eb2931cccec63ca,3,2,3,3
2026-05-12 16:10:54,GERAL (Board Inteiro),1668,184,197,205
2026-05-12 16:10:59,60eedb232ea73100112d2c74,581,162,175,183
2026-05-12 16:11:04,60eedb232ea73100112d2c75,274,128,145,155
2026-05-12 16:11:08,60eedb232ea73100112d2c76,588,108,117,122
2026-05-12 16:11:08,60eedb232ea73100112d2c77,19,11,16,18
2026-05-12 16:11:09,61802f4b675210c427d61db7,96,27,31,34
2026-05-12 16:11:10,62bc98d80964b4d43916896d,59,20,25,28
2026-05-12 16:11:10,62ea80e62c39c6565f206dea,3,3,3,3
2026-05-12 16:11:10,62d55cb3f38c4880916e392f,9,9,9,9
2026-05-12 16:11:11,62d82213f38c4880916f0231,35,16,21,23
2026-05-12 16:11:11,62deac138eb2931cccec63ca,3,2,3,3
2026-05-12 16:16:11,GERAL (Board Inteiro),1668,184,197,205
2026-05-12 16:16:16,História,581,161,175,183
2026-05-12 16:16:21,Épico,274,128,145,155
2026-05-12 16:16:24,Bug,588,108,116,121
2026-05-12 16:16:24,Tarefa,19,11,16,18
2026-05-12 16:16:25,Melhoria,96,27,31,34
2026-05-12 16:16:26,62bc98d80964b4d43916896d,59,20,25,28
2026-05-12 16:16:26,62ea80e62c39c6565f206dea,3,3,3,3
2026-05-12 16:16:26,62d55cb3f38c4880916e392f,9,9,9,9
2026-05-12 16:16:27,62d82213f38c4880916f0231,35,16,21,23
2026-05-12 16:16:27,62deac138eb2931cccec63ca,3,2,3,3
2026-05-12 16:30:52,GERAL,1668,184,197,204
2026-05-12 16:30:57,História,581,162,176,184
2026-05-12 16:31:01,Épico,274,128,145,155
2026-05-12 16:31:05,Bug,588,108,116,121
2026-05-12 16:31:05,Tarefa,19,11,16,18
2026-05-12 16:31:06,Melhoria,96,27,31,34
2026-05-12 16:31:07,Spike/R&D,59,20,25,29
2026-05-12 16:31:07,62ea80e62c39c6565f206dea,3,3,3,3
2026-05-12 16:31:07,62d55cb3f38c4880916e392f,9,9,9,9
2026-05-12 16:31:08,Suporte/Incidentes,35,16,21,23
2026-05-12 16:31:08,62deac138eb2931cccec63ca,3,2,3,3
2026-05-12 16:36:09,GERAL,1668,184,197,204
2026-05-12 16:42:40,GERAL,1665,183,197,204
2026-05-12 16:45:02,GERAL,1665,183,196,205
2026-05-12 17:02:07,GERAL,1665,183,196,205
2026-05-12 17:02:13,História,581,162,175,183
2026-05-12 17:02:17,Épico,274,128,145,155
2026-05-12 17:02:21,Bug,586,108,116,121
2026-05-12 17:02:21,Tarefa,19,11,16,18
2026-05-12 17:02:22,Melhoria,95,27,31,33
2026-05-12 17:02:23,Spike/R&D,59,20,25,29
2026-05-12 17:02:23,62ea80e62c39c6565f206dea,3,3,3,3
2026-05-12 17:02:23,62d55cb3f38c4880916e392f,9,9,9,9
2026-05-12 17:02:24,Suporte/Incidentes,35,16,21,23
2026-05-12 17:02:24,62deac138eb2931cccec63ca,3,2,3,3
2026-05-18 14:38:42,GERAL,1665,184,197,204
2026-05-18 14:38:47,INI,581,162,175,183
2026-05-18 14:38:51,EPC,274,128,145,154
2026-05-18 14:38:55,UST,586,108,116,121
2026-05-18 14:38:55,BUG,19,11,16,18
2026-05-18 14:38:56,OPS,95,27,31,33
2026-05-18 14:38:57,TST,59,20,25,28
2026-05-18 14:38:57,UTSK,3,3,3,3
2026-05-18 14:38:57,IMP,9,9,9,9
2026-05-18 14:38:58,STK,35,16,21,23
2026-05-18 14:38:58,RSCH,3,2,3,3
2026-05-18 14:48:08,TIPO: INI,581,64,72,77
2026-05-18 14:48:09,TIPO: EPC,274,31,36,40
2026-05-18 14:48:11,TIPO: UST,586,65,73,77
2026-05-18 14:48:12,TIPO: BUG,19,3,4,5
2026-05-18 14:48:12,TIPO: OPS,95,11,14,16
2026-05-18 14:48:12,TIPO: TST,59,7,10,11
2026-05-18 14:48:12,TIPO: UTSK,3,1,2,2
2026-05-18 14:48:12,TIPO: IMP,9,2,3,4
2026-05-18 14:48:12,TIPO: STK,35,5,7,8
2026-05-18 14:48:13,TIPO: RSCH,3,1,2,2
2026-05-18 14:48:13,TIPO: RSTK,1,1,1,1
2026-05-18 15:08:46,TIPO: INI,581,161,175,183
2026-05-18 15:08:50,TIPO: EPC,274,128,145,155
2026-05-18 15:08:54,TIPO: UST,586,107,116,121
2026-05-18 15:08:54,TIPO: BUG,19,11,16,18
2026-05-18 15:08:55,TIPO: OPS,95,27,31,33
2026-05-18 15:08:56,TIPO: TST,59,20,25,29
2026-05-18 15:08:56,TIPO: UTSK,3,3,3,3
2026-05-18 15:08:56,TIPO: IMP,9,9,9,9
2026-05-18 15:08:57,TIPO: STK,35,16,21,23
2026-05-18 15:08:57,TIPO: RSCH,3,2,3,3
2026-05-18 15:40:51,TIPO: INI,581,161,175,183
2026-05-18 15:40:55,TIPO: EPC,274,128,145,155
2026-05-18 15:40:59,TIPO: UST,586,107,116,121
2026-05-18 15:40:59,TIPO: BUG,19,11,16,18
2026-05-18 15:41:00,TIPO: OPS,95,27,31,33
2026-05-18 15:41:01,TIPO: TST,59,20,25,29
2026-05-18 15:41:01,TIPO: UTSK,3,3,3,3
2026-05-18 15:41:01,TIPO: IMP,9,9,9,9
2026-05-18 15:41:02,TIPO: STK,35,16,21,23
2026-05-18 15:41:02,TIPO: RSCH,3,2,3,3
2026-05-18 15:55:19,TIPO: INI,581,162,175,183
2026-05-18 15:55:24,TIPO: EPC,274,128,144,155
2026-05-18 15:55:29,TIPO: UST,586,107,116,121
2026-05-18 15:55:29,TIPO: BUG,19,11,16,18
2026-05-18 15:55:30,TIPO: OPS,95,27,31,33
2026-05-18 15:55:31,TIPO: TST,59,20,25,29
2026-05-18 15:55:32,TIPO: UTSK,3,3,3,3
2026-05-18 15:55:32,TIPO: IMP,9,9,9,9
2026-05-18 15:55:33,TIPO: STK,35,16,21,24
2026-05-18 15:55:33,TIPO: RSCH,3,2,3,3
2026-05-18 17:02:19,TIPO: INI,581,161,175,184
2026-05-18 17:02:23,TIPO: EPC,274,128,145,154
2026-05-18 17:02:27,TIPO: UST,586,107,116,121
2026-05-18 17:02:27,TIPO: BUG,19,11,16,18
2026-05-18 17:02:28,TIPO: OPS,95,27,31,33
2026-05-18 17:02:29,TIPO: TST,59,20,25,28
2026-05-18 17:02:29,TIPO: UTSK,3,3,3,3
2026-05-18 17:02:29,TIPO: IMP,9,9,9,9
2026-05-18 17:02:30,TIPO: STK,35,16,21,23
2026-05-18 17:02:30,TIPO: RSCH,3,2,3,3
2026-05-18 17:11:50,TIPO: INI,581,162,175,183
2026-05-18 17:11:54,TIPO: EPC,274,128,145,155
2026-05-18 17:11:58,TIPO: UST,586,107,116,121
2026-05-18 17:11:58,TIPO: BUG,19,11,16,18
2026-05-18 17:11:59,TIPO: OPS,95,27,31,33
2026-05-18 17:12:00,TIPO: TST,59,20,25,28
2026-05-18 17:12:00,TIPO: UTSK,3,3,3,3
2026-05-18 17:12:00,TIPO: IMP,9,9,9,9
2026-05-18 17:12:01,TIPO: STK,35,16,21,23
2026-05-18 17:12:01,TIPO: RSCH,3,2,3,3
2026-05-18 17:17:44,TIPO: INI,581,161,175,183
2026-05-18 17:17:49,TIPO: EPC,274,128,145,155
2026-05-18 17:17:53,TIPO: UST,586,107,116,121
2026-05-18 17:17:53,TIPO: BUG,19,11,16,18
2026-05-18 17:17:54,TIPO: OPS,95,27,31,33
2026-05-18 17:17:55,TIPO: TST,59,20,25,29
2026-05-18 17:17:55,TIPO: UTSK,3,3,3,3
2026-05-18 17:17:55,TIPO: IMP,9,9,9,9
2026-05-18 17:17:56,TIPO: STK,35,16,21,23
2026-05-18 17:17:56,TIPO: RSCH,3,2,3,3
2026-05-19 09:45:18,TIPO: INI,581,161,175,183
2026-05-19 09:45:22,TIPO: EPC,274,128,145,155
2026-05-19 09:45:26,TIPO: UST,586,107,116,121
2026-05-19 09:45:26,TIPO: BUG,19,11,16,18
2026-05-19 09:45:27,TIPO: OPS,95,27,31,33
2026-05-19 09:45:28,TIPO: TST,59,20,25,28
2026-05-19 09:45:28,TIPO: UTSK,3,3,3,3
2026-05-19 09:45:28,TIPO: IMP,9,9,9,9
2026-05-19 09:45:29,TIPO: STK,35,16,21,23
2026-05-19 09:45:29,TIPO: RSCH,3,2,3,3
2026-05-19 09:52:37,TIPO: INI,581,161,175,184
2026-05-19 09:52:41,TIPO: EPC,274,128,145,155
2026-05-19 09:52:45,TIPO: UST,586,107,116,121
2026-05-19 09:52:45,TIPO: BUG,19,11,16,18
2026-05-19 09:52:46,TIPO: OPS,95,27,31,33
2026-05-19 09:52:47,TIPO: TST,59,20,25,28
2026-05-19 09:52:47,TIPO: UTSK,3,3,3,3
2026-05-19 09:52:47,TIPO: IMP,9,9,9,9
2026-05-19 09:52:48,TIPO: STK,35,16,21,23
2026-05-19 09:52:48,TIPO: RSCH,3,2,3,3
2026-05-19 09:58:42,TIPO: INI,581,161,175,183
2026-05-19 09:58:46,TIPO: EPC,274,128,145,155
2026-05-19 09:58:49,TIPO: UST,586,107,116,121
2026-05-19 09:58:49,TIPO: BUG,19,11,16,18
2026-05-19 09:58:50,TIPO: OPS,95,27,31,33
2026-05-19 09:58:51,TIPO: TST,59,20,25,28
2026-05-19 09:58:51,TIPO: UTSK,3,3,3,3
2026-05-19 09:58:51,TIPO: IMP,9,9,9,9
2026-05-19 09:58:52,TIPO: STK,35,16,21,23
2026-05-19 09:58:52,TIPO: RSCH,3,2,3,3
2026-05-19 10:00:26,TIPO: INI,581,161,175,183
2026-05-19 10:00:31,TIPO: EPC,274,128,145,154
2026-05-19 10:00:35,TIPO: UST,586,107,116,121
2026-05-19 10:00:35,TIPO: BUG,19,11,16,18
2026-05-19 10:00:36,TIPO: OPS,95,27,31,33
2026-05-19 10:00:37,TIPO: TST,59,20,25,29
2026-05-19 10:00:37,TIPO: UTSK,3,3,3,3
2026-05-19 10:00:37,TIPO: IMP,9,9,9,9
2026-05-19 10:00:38,TIPO: STK,35,16,21,23
2026-05-19 10:00:38,TIPO: RSCH,3,2,3,3
2026-05-19 10:18:00,TIPO: EPC,618,288,313,327
2026-05-19 10:18:22,TIPO: INI,1518,421,443,457
2026-05-19 10:18:23,TIPO: BUG,67,28,38,49
2026-05-19 10:18:33,TIPO: UST,999,183,194,200
2026-05-19 10:18:39,TIPO: OPS,416,115,123,128
2026-05-19 10:18:48,TIPO: TST,600,200,215,224
2026-05-19 10:18:59,TIPO: STK,436,189,206,216
2026-05-19 10:19:09,TIPO: IMP,174,174,174,174
2026-05-19 10:19:11,TIPO: RSCH,50,20,25,28
2026-05-19 10:19:14,TIPO: UTSK,59,59,59,59
2026-05-19 10:19:43,LANE: Lane não identificada,5000,550,572,585
2026-05-19 10:28:22,TIPO: INI,581,161,175,184
2026-05-19 10:28:26,TIPO: EPC,274,128,145,154
2026-05-19 10:28:30,TIPO: UST,586,108,116,121
2026-05-19 10:28:31,TIPO: BUG,19,11,16,18
2026-05-19 10:28:32,TIPO: OPS,95,27,31,33
2026-05-19 10:28:33,TIPO: TST,59,20,25,29
2026-05-19 10:28:33,TIPO: UTSK,3,3,3,3
2026-05-19 10:28:33,TIPO: IMP,9,9,9,9
2026-05-19 10:28:34,TIPO: STK,35,16,21,23
2026-05-19 10:28:34,TIPO: RSCH,3,2,3,3
2026-05-19 10:28:40,LANE: Sem Lane,1665,183,196,204
2026-05-19 14:30:46,TIPO: INI,581,161,175,183
2026-05-19 14:30:52,TIPO: EPC,274,128,145,155
2026-05-19 14:30:57,TIPO: UST,586,107,116,121
2026-05-19 14:30:57,TIPO: BUG,19,11,16,18
2026-05-19 14:30:58,TIPO: OPS,95,27,31,33
2026-05-19 14:30:59,TIPO: TST,59,20,25,28
2026-05-19 14:30:59,TIPO: UTSK,3,3,3,3
2026-05-19 14:31:00,TIPO: IMP,9,9,9,9
2026-05-19 14:31:00,TIPO: STK,35,16,21,23
2026-05-19 14:31:00,TIPO: RSCH,3,2,3,3
2026-05-19 14:31:08,LANE: Backlog Fora de Sprint,1665,184,197,205
2026-05-19 14:44:01,TIPO: INI,581,162,175,183
2026-05-19 14:44:05,TIPO: EPC,274,128,145,155
2026-05-19 14:44:08,TIPO: UST,586,107,116,121
2026-05-19 14:44:09,TIPO: BUG,19,11,16,18
2026-05-19 14:44:10,TIPO: OPS,95,27,31,33
2026-05-19 14:44:10,TIPO: TST,59,20,25,28
2026-05-19 14:44:10,TIPO: UTSK,3,3,3,3
2026-05-19 14:44:11,TIPO: IMP,9,9,9,9
2026-05-19 14:44:11,TIPO: STK,35,16,21,23
2026-05-19 14:44:11,TIPO: RSCH,3,2,3,3
2026-05-19 14:44:17,SPRINT: Backlog Fora de Sprint,1665,184,197,204
2026-05-19 15:39:14,TIPO: INI,581,162,176,184
2026-05-19 15:39:18,TIPO: EPC,274,128,145,154
2026-05-19 15:39:22,TIPO: UST,586,107,116,121
2026-05-19 15:39:22,TIPO: BUG,19,11,16,18
2026-05-19 15:39:23,TIPO: OPS,95,27,31,33
2026-05-19 15:39:24,TIPO: TST,59,20,25,28
2026-05-19 15:39:24,TIPO: UTSK,3,3,3,3
2026-05-19 15:39:24,TIPO: IMP,9,9,9,9
2026-05-19 15:39:25,TIPO: STK,35,16,21,23
2026-05-19 15:39:25,TIPO: RSCH,3,2,3,3
2026-05-19 15:39:31,SPRINT: Backlog Fora de Sprint,1665,183,197,204
2026-05-19 16:06:08,TIPO: INI,581,161,175,184
2026-05-19 16:06:14,TIPO: EPC,274,128,145,155
2026-05-19 16:06:19,TIPO: UST,586,107,116,121
2026-05-19 16:06:20,TIPO: BUG,19,11,16,18
2026-05-19 16:06:21,TIPO: OPS,95,27,31,33
2026-05-19 16:06:22,TIPO: TST,59,20,25,28
2026-05-19 16:06:22,TIPO: UTSK,3,3,3,3
2026-05-19 16:06:23,TIPO: IMP,9,9,9,9
2026-05-19 16:06:23,TIPO: STK,35,16,21,23
2026-05-19 16:06:24,TIPO: RSCH,3,2,3,3
2026-05-19 16:06:34,SPRINT: Backlog Fora de Sprint,1665,183,197,204
2026-05-19 16:06:34,SPRINT 19 - FRANCA (STK+BUG+OPS),149,17,21,24
2026-05-19 17:25:52,TIPO: INI,581,162,176,183
2026-05-19 17:25:56,TIPO: EPC,274,128,145,155
2026-05-19 17:26:00,TIPO: UST,586,107,116,121
2026-05-19 17:26:01,TIPO: BUG,19,11,16,18
2026-05-19 17:26:02,TIPO: OPS,95,27,31,33
2026-05-19 17:26:02,TIPO: TST,59,20,25,28
2026-05-19 17:26:03,TIPO: UTSK,3,3,3,3
2026-05-19 17:26:03,TIPO: IMP,9,9,9,9
2026-05-19 17:26:03,TIPO: STK,35,16,21,23
2026-05-19 17:26:03,TIPO: RSCH,3,2,3,3
2026-05-19 17:26:10,SPRINT: Backlog Fora de Sprint,1665,184,197,204
2026-05-19 17:26:10,SPRINT 19 - FRANCA (ESTIMADA),52,6,9,11
2026-05-20 10:35:48,SPRINT 19 - FRANCA,52,6,9,11
